TÃ­tulo,Empresa,Tags,Link,Publicado em
Lead Machine Learning Engineer,Wizard,"python, training, testing, growth, assistant, lead, health, healthcare, engineer",https://remoteOK.com/remote-jobs/remote-lead-machine-learning-engineer-wizard-1091053,2025-03-29
Dutch Content Creator,TransPerfect,content,https://remoteOK.com/remote-jobs/remote-dutch-content-creator-transperfect-1091014,2025-03-29
Swedish Content Creator,TransPerfect,content,https://remoteOK.com/remote-jobs/remote-swedish-content-creator-transperfect-1091013,2025-03-29
GenAI Lead,Dscout,"full-stack, support, software, test, growth, code, education, leader, lead, content, senior",https://remoteOK.com/remote-jobs/remote-genai-lead-dscout-1091012,2025-03-29
Senior Data Engineer,AllTrails,"python, training, technical, support, software, test, education, investment, git, senior, legal, go, health, engineer, apache",https://remoteOK.com/remote-jobs/remote-senior-data-engineer-alltrails-1091010,2025-03-29
Research Intern,Scanline VFX ,"vfx, design, 3d, students, software, investment, leader, content, go, engineer, internship, digital nomad",https://remoteOK.com/remote-jobs/remote-research-intern-scanline-vfx-1090922,2025-03-28
Machine Learning Implementation Engineer,OfferFit,"design, python, technical, support, code, travel, javascript, strategy, health, engineer, engineering, digital nomad",https://remoteOK.com/remote-jobs/remote-machine-learning-implementation-engineer-offerfit-1089998,2025-03-24
Research Engineer AI for Sustainability,DeepMind,"training, technical, recruiter, software, lead, engineer, engineering, full-time",https://remoteOK.com/remote-jobs/remote-research-engineer-ai-for-sustainability-deepmind-1089958,2025-03-24
Technical Protocol Strategist,Gauntlet,"defi, technical, strategist, support, growth, financial, investment, strategy, management",https://remoteOK.com/remote-jobs/remote-technical-protocol-strategist-gauntlet-1089855,2025-03-23
Data Engineer,HighLevel,"design, python, support, software, code, devops, javascript, cloud, nosql, scala, api, marketing, legal, sales, engineer, engineering, apache, backend, digital nomad",https://remoteOK.com/remote-jobs/remote-data-engineer-highlevel-1089551,2025-03-22
Data Scientist,Gauntlet,"defi, crypto, software, financial, management",https://remoteOK.com/remote-jobs/remote-data-scientist-gauntlet-1089360,2025-03-21
Engineering Manager Research,Gauntlet,"manager, design, web3, defi, crypto, growth, financial, leader, lead, engineering, digital nomad",https://remoteOK.com/remote-jobs/remote-engineering-manager-research-gauntlet-1089027,2025-03-19
Senior Security Engineer EMEA,Aircall,"security, saas, training, software, testing, growth, voice, devops, investment, senior, engineer, engineering",https://remoteOK.com/remote-jobs/remote-senior-security-engineer-emea-aircall-1088993,2025-03-19
