Título,Empresa,Descrição,Data,Link
Research & Data Analyst - Partime/Remote,Desconhecida,Sem descrição,Data não encontrada,https://www.indeed.com/rc/clk?jk=297a5b52c7d05ccc&bb=WNXzw7cOI1y1_oDOASqgBycrFdL7ZCjeCq9pkDOmFmGw--VJhpSuS036QEIe6Mrqy--cXXXmMpFwc_DG0JA5_ZSuwgI1KpFrWuF_jKHkzZuj4X_gqVbMXgftPITz9Qpq&xkcb=SoAL67M3057M5K3frR0LbzkdCdPP&fccid=6d9b9ef21403e00f&vjs=3
Data Analyst I,Desconhecida,Sem descrição,Data não encontrada,https://www.indeed.com/rc/clk?jk=30c43fa0cc6b2273&bb=WNXzw7cOI1y1_oDOASqgB-0DFQbotybqnih1v68iiCnVXeX3z7w7oVWGnW2amKl9XqgDvfMHkV4x0yMy0wk7yg4hpEYL_xmTUiEl-hIEdewvGGIfjJmIuzgDLZFEbYPe&xkcb=SoC_67M3057M5K3frR0KbzkdCdPP&fccid=64f51dc460229688&vjs=3
Data Engineer,Desconhecida,Sem descrição,Data não encontrada,https://www.indeed.com/rc/clk?jk=d838b17058aa3340&bb=WNXzw7cOI1y1_oDOASqgB9amPzBzmNd7tN0vl_SvWEWZScSiKpvmAHof-gHvl5gyfOjndKWPuPh5sHf767Rrid0nNFBfbdnxjTgyxsyIGz_bwv3g8Pwakj0mCHVVB4ca&xkcb=SoAi67M3057M5K3frR0JbzkdCdPP&fccid=3ed0572c448b2368&vjs=3
People Data Analyst,Desconhecida,Sem descrição,Data não encontrada,https://www.indeed.com/rc/clk?jk=0de26011bfebf8de&bb=WNXzw7cOI1y1_oDOASqgB3E_EEiJHGFU3By--bIlB2koB8mgaKKmjMVJt20L45QnwMVaiwXBeHEtdTykwKbC_7zhiO123Cbik83HMKhQEZdDIn5bBn0mtTflQo-uRRqT&xkcb=SoCW67M3057M5K3frR0IbzkdCdPP&fccid=d2c6abf8a785fc40&vjs=3
AI Data Collection Contributor,Desconhecida,Sem descrição,Data não encontrada,https://www.indeed.com/rc/clk?jk=f26a1705a759fd2f&bb=WNXzw7cOI1y1_oDOASqgB6agcKW9KSGjfAO81tL2FfJlq9NE4yKN1z272lzEDlesnnJZoRaPCj1ibxJjgUxZ87PGR6PRZh0aw1X4tpWrw9b0hOdhtt5lt-52h2oNXczw&xkcb=SoAY67M3057M5K3frR0PbzkdCdPP&fccid=5822a2554404d85f&vjs=3
Certification Data Analyst (Remote),Desconhecida,Sem descrição,Data não encontrada,https://www.indeed.com/rc/clk?jk=0d4eddc676ba1d89&bb=WNXzw7cOI1y1_oDOASqgBwtCeiqXgm9ZbDXRo9To88HzGYE0G-kUXEgsQWE0Zp2l9yigmKiuPl35ee_t7l8Hmz8aYh8Xitvax-m7PPXPQ7emOZ2W5AEwrYb7Cg_dLj12&xkcb=SoCs67M3057M5K3frR0ObzkdCdPP&fccid=a01da1aa43f39e3c&vjs=3
Billing Data Entry Specialist,Desconhecida,Sem descrição,Data não encontrada,https://www.indeed.com/rc/clk?jk=e0529a0471cd89c1&bb=WNXzw7cOI1y1_oDOASqgB_7TtnGKPmbMuD9li126Kt7A6N1LcfK06WuXei8BCQj_4ju3hDQxPiG49hVx1poTOnoBSs1EN-PRSh0Z0a2nlsXKSrh7zGxYT4YW8ZGaSzLb&xkcb=SoAx67M3057M5K3frR0NbzkdCdPP&fccid=1fe6101fb3165e36&vjs=3
Data Analyst,Desconhecida,Sem descrição,Data não encontrada,https://www.indeed.com/rc/clk?jk=97b00397b8a99410&bb=WNXzw7cOI1y1_oDOASqgB344i0ZEucVsUWY-ayG-pnfx5HThOQlscB8nmitN9ItQrSXTMUCgtPzaXV6mPrKuib5tHiY_lRUgj8fHTKJGY_kEnMiOmYZw8Q%3D%3D&xkcb=SoCF67M3057M5K3frR0MbzkdCdPP&fccid=761c44c17d636bfe&vjs=3
Business/ Data Analyst (contract),Desconhecida,Sem descrição,Data não encontrada,https://www.indeed.com/rc/clk?jk=f802611463cbb125&bb=WNXzw7cOI1y1_oDOASqgB4_eKBeR1wnDc3ToVKzvGJOHCFElg3b6IY65Grhe6VaA4H-02lD-9fwFR1KIXHu0_s3yXwcKsxFkKiNYoTCjbmzfRduM1JUGcw%3D%3D&xkcb=SoBs67M3057M5K3frR0DbzkdCdPP&fccid=78bbcd26e39621f5&vjs=3
Marketing Apprenticeship Program - Data Analytics,Desconhecida,Sem descrição,Data não encontrada,https://www.indeed.com/rc/clk?jk=2200143c9e59e34c&bb=WNXzw7cOI1y1_oDOASqgB0N7lRCT9yuKuE2OT25aF3RcpZ4Bi0fUlXuKYfXCOAGtjEG94AeAzWMf_h3i6x9YWpFBlTFlUViLAFRRqyPrrb6e4ZhoO1iWrA%3D%3D&xkcb=SoDY67M3057M5K3frR0CbzkdCdPP&fccid=3a71a4d2f7990a25&vjs=3
Specialist Data Engineering,Desconhecida,Sem descrição,Data não encontrada,https://www.indeed.com/rc/clk?jk=bce560eb197d5e1e&bb=WNXzw7cOI1y1_oDOASqgB4BlCmtIeSBzhx4JG8xUDXGp5zL-PKdFf_SxEKZT5ucfVTdkfu-dfkdSMaQpd8pvgahwbxufTZzkzEIiCu1Q9_VvigfMXrBJpA%3D%3D&xkcb=SoBF67M3057M5K3frR0BbzkdCdPP&fccid=6d2f19785dd4c73c&vjs=3
Health Policy Data Analyst,Desconhecida,Sem descrição,Data não encontrada,https://www.indeed.com/rc/clk?jk=5ad0e085b03f4fcd&bb=WNXzw7cOI1y1_oDOASqgB0Lt6oSH3GMFWFrPS9fv4OKWVheTOy7OD_LJGEOs05WMiOU0uexIxstGeAm9Z3Q6ELvG0RKt2_f50H3-S-mDuNtNUsV5zmEQgBDFuyFSXDfa&xkcb=SoDx67M3057M5K3frR0AbzkdCdPP&fccid=12626f295bf6a003&vjs=3
Business Analyst,Desconhecida,Sem descrição,Data não encontrada,https://www.indeed.com/rc/clk?jk=ab746698d4b6e341&bb=WNXzw7cOI1y1_oDOASqgBzqOLdj0tANnKcGlPrD1bS63OPdZye4-NGFHPi2ihChvStjNu27GeLFlFx2nKRtUs9RB-soIRXkb_u6aDg0jQ_cRnMRbmPNMDCarn22yRmri&xkcb=SoB_67M3057M5K3frR0HbzkdCdPP&fccid=76d4cf3f28c81122&vjs=3
Staff Engineer Full Stack Developer - Data (REMOTE),Desconhecida,Sem descrição,Data não encontrada,https://www.indeed.com/rc/clk?jk=8831dd26d6c6a686&bb=WNXzw7cOI1y1_oDOASqgB8TqBnBMRKujHBv6Wr1MpfI12mzhuWaPaJzZessoqWqYT8IMIWErfOVr7-6igiJ6zFzFJpwk1WNavaWCsAg_LI2BcsFLDD7hjg%3D%3D&xkcb=SoDL67M3057M5K3frR0GbzkdCdPP&fccid=71b1543b29473502&vjs=3
Data Specialist - Remote,Desconhecida,Sem descrição,Data não encontrada,https://www.indeed.com/rc/clk?jk=b6807c8a9e5eb527&bb=WNXzw7cOI1y1_oDOASqgB1g2aaJ8pVIDiZzD8R36JasDpmNl0Fyg-hUcqlXnmixbIEHYZiePDRxT2WiysII7AhhCmgwOsvvnnCZzAuDDE6B2_-WqZPMq5Lh-GTPtdmd3&xkcb=SoBW67M3057M5K3frR0FbzkdCdPP&fccid=f88ce7308732d284&vjs=3
Sr Data Analyst(Remote Or Hybrid),Desconhecida,Sem descrição,Data não encontrada,https://www.indeed.com/rc/clk?jk=6d336f43cca16c28&bb=IidvLFKabIcEnY9DBI-s_ZK29u3AkID1ruiRUciTxAb7zjFrxaZMWNFghhJ6rjksdUKpm-ws98kEoTdrBj4Ay2wmcmj9Z839GndM4ir1dqBTvGvgfDdawQ%3D%3D&xkcb=SoAK67M3057L_pSgJp0LbzkdCdPP&fccid=15f43d82dc901ff2&vjs=3
Data Analyst,Desconhecida,Sem descrição,Data não encontrada,https://www.indeed.com/rc/clk?jk=81c4063d62e7158f&bb=IidvLFKabIcEnY9DBI-s_TCb-QgXpIOVQR7XXqtdU_sHdkhV2wVYzhygSqaGJJ-1v3Ous83jqhxcxnzZG_u2BXxH18Ads6kKK1P7qI6bnrm5khgUaAHoQVPlFi4cFu6j&xkcb=SoC-67M3057L_pSgJp0KbzkdCdPP&fccid=3ed0572c448b2368&vjs=3
"Assistant Staff Analyst, Data Analytics",Desconhecida,Sem descrição,Data não encontrada,https://www.indeed.com/rc/clk?jk=2e37a6bf9a8d1cb1&bb=IidvLFKabIcEnY9DBI-s_ZjzIB1SiI1zJNVufb3MUQBVIMxRiGlt_0Vyt096WXRclf1GokOWsCVq3y9iAtkUYCxnbU6qUhjAmr_4PuLrV2Vtjx27sps_PuWVy4WWI1a1&xkcb=SoAj67M3057L_pSgJp0JbzkdCdPP&fccid=b27e6fc6d7424c31&vjs=3
Customer Success Data Specialist (US),Desconhecida,Sem descrição,Data não encontrada,https://www.indeed.com/rc/clk?jk=8b0ece5ca0502178&bb=IidvLFKabIcEnY9DBI-s_UAAMwn-6OWNK_Lg3Q7IVHCqhp0lBAQsruFSnaulJ6FTczJW8z3uDjK33LNGGUrIDjCFUUEVUU3sjjXSwIWMorSE72Ij2uRf6im2rfmzS6tv&xkcb=SoCX67M3057L_pSgJp0IbzkdCdPP&fccid=e45ac350e9c510ec&vjs=3
Remote Data Entry Associate,Desconhecida,Sem descrição,Data não encontrada,https://www.indeed.com/rc/clk?jk=4c1d8fc5760b5435&bb=IidvLFKabIcEnY9DBI-s_Y3H97kYPZSqKVZU6YOd_E6-mWXuqiB22Ye4SDF0UvU32p9qc-jO2VvDK_TlP_6R4XfGR3En9b6wDzJR1KwY84-r7GdY2WaQykCfS96NXhFo&xkcb=SoAZ67M3057L_pSgJp0PbzkdCdPP&fccid=88f5eba43de70e76&vjs=3
Game Data Analyst,Desconhecida,Sem descrição,Data não encontrada,https://www.indeed.com/rc/clk?jk=96f62227a81638d9&bb=IidvLFKabIcEnY9DBI-s_YpTiTuIhYw34lYz9corXiYDt-iCIyqua48Euuvw3OAgZGBTDWbL5f-ydi0OjEXHGjBNxcc1DhNG2QZGOiiS8Yv-AlouuWqj2eEBGF1SjELm&xkcb=SoCt67M3057L_pSgJp0ObzkdCdPP&fccid=f6d62bb43e98da15&vjs=3
Data Analyst (Remote),Desconhecida,Sem descrição,Data não encontrada,https://www.indeed.com/rc/clk?jk=85866d7c4fe392d0&bb=IidvLFKabIcEnY9DBI-s_VF869tMjhHzBWyCTJpT99jOlw839VK9TyI50GAWwhB1xkyBYVepg0wR0pnGvtNeGPVUONrx4DvbnOkov2imw_nqDLdufhWJOBFZgOQIeK5n&xkcb=SoAw67M3057L_pSgJp0NbzkdCdPP&fccid=5acf3c1d84f9b6de&vjs=3
Lead Business Analyst,Desconhecida,Sem descrição,Data não encontrada,https://www.indeed.com/rc/clk?jk=3534f41caf370d59&bb=IidvLFKabIcEnY9DBI-s_U84ba248-PPam68K3L6g8I7RPwd-PTi6Pzdojp-5PXbfrfhN3bPPI70K44aK6XDprZF2MIPTsX4Sr6fQA4S8_Snb1oOmD8Emw%3D%3D&xkcb=SoCE67M3057L_pSgJp0MbzkdCdPP&fccid=3a71a4d2f7990a25&vjs=3
Part-time Data Collector - Football,Desconhecida,Sem descrição,Data não encontrada,https://www.indeed.com/rc/clk?jk=69a1933ec792f87a&bb=IidvLFKabIcEnY9DBI-s_et07rm1ftIhq0PTRyq-WnrEQ-s1Gs6a07FR0HT4wln-2uuxXO8SfmaL8lG0DbtTQkGNFUc_AexoH4yk-dO2Y2e19IdirbH1H-Peay9_l_6H&xkcb=SoBt67M3057L_pSgJp0DbzkdCdPP&fccid=1f06de6e00ceb64f&vjs=3
Data Analyst,Desconhecida,Sem descrição,Data não encontrada,https://www.indeed.com/rc/clk?jk=c332f3ffd7b7ca66&bb=IidvLFKabIcEnY9DBI-s_et07rm1ftIhxlCIc3CM4l0Easw-sPdgICQO-eIFIOHfcoxs1GoaWztI2aLK8BeDzno7hAciurwUs2ejRx1Oe7qLZGb265rjUxCmdFXozMhJ&xkcb=SoDZ67M3057L_pSgJp0CbzkdCdPP&fccid=13488d4436d854ff&vjs=3
Business Analyst,Desconhecida,Sem descrição,Data não encontrada,https://www.indeed.com/rc/clk?jk=4513207762c2ea0c&bb=IidvLFKabIcEnY9DBI-s_T4hUlB7TGfiCpJ0BHlThnEyyU10WLCaa0WlpsbUpZPp3oR-7tYjy2hx6my4BrJlXSQbcostvxwgztS8sDw1c-558KLnEC9N1wvX4LKkOwJz&xkcb=SoBE67M3057L_pSgJp0BbzkdCdPP&fccid=810178099fb1fcbc&vjs=3
"Senior Coordinator, Research Data - Leukemia",Desconhecida,Sem descrição,Data não encontrada,https://www.indeed.com/rc/clk?jk=f0543ba4ac774cac&bb=IidvLFKabIcEnY9DBI-s_e6GdOPocvW3wu7UFO7ttf2n1PvA4aHPeZmbUR-TzeLlFflW1cHv8IcdI4-H2ch9gKg9eJi6v2ZlQPBL7nSYchvfpv7M3BepQg%3D%3D&xkcb=SoDw67M3057L_pSgJp0AbzkdCdPP&fccid=ab68ed48b7ae3b5f&vjs=3
Business Analyst,Desconhecida,Sem descrição,Data não encontrada,https://www.indeed.com/rc/clk?jk=677b52320a5c7304&bb=IidvLFKabIcEnY9DBI-s_eH6up3RY-4Kx-UT8fRMF8cKAlxlq83-HXG9kTQOziWeQ-FOi3Ga3oBpzS4Zay74iF_Kq44GYAPlMjKrs6FbhtN20ZsGRVifiWenUFI3pekZ&xkcb=SoB-67M3057L_pSgJp0HbzkdCdPP&fccid=d8782c0b81f298db&vjs=3
Data Abstractor,Desconhecida,Sem descrição,Data não encontrada,https://www.indeed.com/rc/clk?jk=5efb891b1023cd0e&bb=IidvLFKabIcEnY9DBI-s_VF869tMjhHzECORmkJ44M4VKyPcE1iYVTsm2LZStOf3BqbUuL1xpdFm5TAzONCKbx-yIes7eE25eSpu00dybNwyrdCKbJgIT1fZXW8g4bEi&xkcb=SoDK67M3057L_pSgJp0GbzkdCdPP&fccid=2b2d4c5d09b2189b&vjs=3
Data Analyst,Desconhecida,Sem descrição,Data não encontrada,https://www.indeed.com/rc/clk?jk=454ead8f862be45b&bb=IidvLFKabIcEnY9DBI-s_TC3lMHrRQTw32S46CRs4ntdgAVGlp9l3HmDe5MKfq3jkrjRv2gSBxX7u2FM86lxgIuCc576-SxzFv3hBPtm2PgCT4ympog8SXmvFi4Yi4gI&xkcb=SoBX67M3057L_pSgJp0FbzkdCdPP&fccid=bf497b76270f8a4c&vjs=3
Data Analyst,Desconhecida,Sem descrição,Data não encontrada,https://www.indeed.com/rc/clk?jk=46495f0107157100&bb=N5Q1VghtrJPRMHANX9Pa3rAu2xGib8RHsi2VRGtqQTMyUni-ezxReHa-ChX8LYrua4ZYdfKxZMTv7a9oXyPW_G-HbC-hY8TcjfuYXNxAmSDg3GyZaNdHeQ%3D%3D&xkcb=SoBx67M3057KX1Xqa50LbzkdCdPP&fccid=105730ddbe66c754&vjs=3
Business Analyst,Desconhecida,Sem descrição,Data não encontrada,https://www.indeed.com/rc/clk?jk=88fb9598af6fc39d&bb=N5Q1VghtrJPRMHANX9Pa3oebxqgSrzpNC9h8fCB4fYGvYnFod4KQkRw7K8KtXTpE0vnwG21PjVIYYN-zDZCfe4Y1OapknESH12HajgBGvSZuD5OzhIJ8qsO0rucwp2R9&xkcb=SoDF67M3057KX1Xqa50KbzkdCdPP&fccid=aca27ed9e11b6007&vjs=3
IT Data Support Technician,Desconhecida,Sem descrição,Data não encontrada,https://www.indeed.com/rc/clk?jk=f60e285aeb4d185a&bb=N5Q1VghtrJPRMHANX9Pa3jlmekfnuurh2LeU2XxsssF7aPISOl81-KSCSrJDnt9AxX1ymDfaluWbYbJ5f2GFKya9Wv2NKUgI1QUNDyEt-j1d08YC3cRC-i8ZI1gcz4ZZ&xkcb=SoBY67M3057KX1Xqa50JbzkdCdPP&fccid=fa5cb6935afc62d0&vjs=3
Business Analyst - Fraud Prevention,Desconhecida,Sem descrição,Data não encontrada,https://www.indeed.com/rc/clk?jk=15f025517591ec51&bb=N5Q1VghtrJPRMHANX9Pa3rAu2xGib8RHDPvYVZQtBuwaptuf6IuKZLf7XWg-dczmsBsN5dmmJM1MY-5lhDAvFkHKZhrcocy_zcuyp2lIQxAy5zVdT1Nvqw%3D%3D&xkcb=SoDs67M3057KX1Xqa50IbzkdCdPP&fccid=874a2cfca52d5937&vjs=3
Data Engineer II,Desconhecida,Sem descrição,Data não encontrada,https://www.indeed.com/rc/clk?jk=1b62249a807fcda7&bb=N5Q1VghtrJPRMHANX9Pa3l9y481wxD3upjXV2pls2iQVdZWOwAiblTAfTjwLLRz-VscZNDVCWKwrnncfd9aTGgbKkNk6Iq-xfb0hzEMiP8AgGEedrFWxwbIr9luksBee&xkcb=SoBi67M3057KX1Xqa50PbzkdCdPP&fccid=514eed10e2a5c252&vjs=3
Data Scientist - Insurance Modeling,Desconhecida,Sem descrição,Data não encontrada,https://www.indeed.com/rc/clk?jk=6a4453997b6215eb&bb=N5Q1VghtrJPRMHANX9Pa3hAhserXZcH5sxOwhyonVM_amgH_k6KltB7yz2LWztJcAtBFxMzmn7sCHnI0MGtovQg6I811rt-xNmmoX2bNjB9JDYdvSFwmmg%3D%3D&xkcb=SoDW67M3057KX1Xqa50ObzkdCdPP&fccid=3a71a4d2f7990a25&vjs=3
Data Analyst,Desconhecida,Sem descrição,Data não encontrada,https://www.indeed.com/rc/clk?jk=414ad826fde9f366&bb=N5Q1VghtrJPRMHANX9Pa3toABtBNXVgfkC4Nk6Zvj88OhiEYDdA6qEMoxEbKotAOvF1NsT6q6kLdFy8xuIYU5wygVPDd2VmkMVWd3W99kNjuZ_WW-PwnBQ%3D%3D&xkcb=SoBL67M3057KX1Xqa50NbzkdCdPP&fccid=997110e6d9c4c093&vjs=3
GIS Data Analyst - REMOTE,Desconhecida,Sem descrição,Data não encontrada,https://www.indeed.com/rc/clk?jk=dd58d34fcb1710b5&bb=N5Q1VghtrJPRMHANX9Pa3qi8po9IwFoz4fPwvISh4fZzTegv_TpkwLU_AHC5xDQXYkHgDKPqtybGME1CdLT92b3rUcsI8B53Kt-HxUdXgOQGxLEU0d23GEADaX_g1wW-&xkcb=SoD_67M3057KX1Xqa50MbzkdCdPP&fccid=81d3515a20c8b415&vjs=3
Donor Data Analyst- Remote Opportunity,Desconhecida,Sem descrição,Data não encontrada,https://www.indeed.com/rc/clk?jk=1fe0cd72ae658344&bb=N5Q1VghtrJPRMHANX9Pa3gFNvHWfNuv5mJPYDjIZ9BYozM46kpZdWZN_wowElJUklBUh-IbAjwqaftyFfiyY7NPocatO1CIhn7QAYKlfaclklf5HqvuT4g%3D%3D&xkcb=SoAW67M3057KX1Xqa50DbzkdCdPP&fccid=9725fea546053a12&vjs=3
Data Analyst,Desconhecida,Sem descrição,Data não encontrada,https://www.indeed.com/rc/clk?jk=7d64083e1633cb30&bb=N5Q1VghtrJPRMHANX9Pa3i9Uz-EMv7Pry8aNcVODaXIBh-vpoGfH5kGIe6z85bccn-JEvl2qnh__dTYFyQAcQXZxO1bSCBMUn12kAAbOVSTPxRuCUyCErH2QDvNCxbxb&xkcb=SoCi67M3057KX1Xqa50CbzkdCdPP&fccid=7ec7698a1006611c&vjs=3
Database Administrator I Remote Optional,Desconhecida,Sem descrição,Data não encontrada,https://www.indeed.com/rc/clk?jk=8ac4dc3434808b58&bb=N5Q1VghtrJPRMHANX9Pa3oTswkGin8irBKeWoAmp0khEbUyp3bGRY0Mvz8QpNOgnky6RQquXxn23ntytCKRaMKIG5TRoiflqnuA3fwIzfQ1a_Lv5pJK7LA%3D%3D&xkcb=SoA_67M3057KX1Xqa50BbzkdCdPP&fccid=43a64d525722e590&vjs=3
Business Analyst Apprentice Program,Desconhecida,Sem descrição,Data não encontrada,https://www.indeed.com/rc/clk?jk=867ea454476d937e&bb=N5Q1VghtrJPRMHANX9Pa3lsDEAf8My-xlgFkxL5o2g1yaqBuYGyr8n-uTT0VOiaeljYyrUoZjj8tDBDuXTXAvlPP7hEb8TEQZtFmimbJsbNMiHE1j9NVrg%3D%3D&xkcb=SoCL67M3057KX1Xqa50AbzkdCdPP&fccid=3a71a4d2f7990a25&vjs=3
Senior Business Analyst - Remote,Desconhecida,Sem descrição,Data não encontrada,https://www.indeed.com/rc/clk?jk=acb96ea029c3ac6d&bb=N5Q1VghtrJPRMHANX9Pa3lmDoq1C1HMyKc4Z8moJhLi95bHLFykO1Fs_hoggMx_XqEN_oEnC5-y7tKuwMItV9ydRYBNIFK1ChgDPuOLKo8c8Lmhcoj0Cog%3D%3D&xkcb=SoAF67M3057KX1Xqa50HbzkdCdPP&fccid=3c38342724c75954&vjs=3
Data Consultant 3,Desconhecida,Sem descrição,Data não encontrada,https://www.indeed.com/rc/clk?jk=c1289a17e8662dda&bb=N5Q1VghtrJPRMHANX9Pa3vFOziIZKUK0igPdZNGXBmo0TSJ9T8C49f2-7CwCZhIKOkjL20ikyYNzdU21oGpXvte07egoBGCGP6TjpvmJf1sMBjonZowvuAk4vf0BCI0N&xkcb=SoCx67M3057KX1Xqa50GbzkdCdPP&fccid=4bb4a98ffe880354&vjs=3
Data Scientist,Desconhecida,Sem descrição,Data não encontrada,https://www.indeed.com/rc/clk?jk=0fcabcdf44ce883f&bb=N5Q1VghtrJPRMHANX9Pa3vrULSdj2Xgyzcgq3jQRIFfK3pael7STXSmr6dNShBVbiNIZhTzcfW8ZIgjXN5g4yT6Ed5rJ-On0GHwN6ReM93NTxGMKgoSj4SKOzbCJjeXo&xkcb=SoAs67M3057KX1Xqa50FbzkdCdPP&fccid=3ed0572c448b2368&vjs=3
